CountryName,year,gdp_per_capita,gini_index,education_spending,urbanization_rate,unemployment_rate
Afghanistan,2012,651.417134470046,,2.60420989990234,23.3434391310979,7.875
Afghanistan,2019,496.6025042585,,,25.1437258839803,11.187
Africa Eastern and Southern,2012,1732.03802145335,,4.67612504959106,33.2867060801392,7.10873740350119
Africa Eastern and Southern,2019,1507.08559963484,,4.51140984355031,36.0973307017698,7.45910636823544
Africa Western and Central,2012,1941.11824321812,,2.68840026027393,45.8732546944015,3.98010182260688
Africa Western and Central,2019,2216.38505520833,,3.00001001358032,49.8900751494997,4.39076373818366
Albania,2012,4280.93316338873,29.0,3.29533986928598,53.8637553661449,13.376
Albania,2019,6069.43903131027,30.1,3.8701798915863,56.7639071287255,11.466
Algeria,2012,6033.64884689543,,7.02950889772261,68.3421258553675,10.97
Algeria,2019,4468.45341883656,,5.57536563446523,72.4824561380175,12.302
American Samoa,2012,11745.4899153958,,,85.7161174344451,
American Samoa,2019,12886.1359517218,,,83.0542171797274,
Andorra,2012,41500.5499988288,,2.56577895521486,88.6290967082924,
Andorra,2019,41257.816459345,,3.15060997009277,88.5391793666245,
Angola,2012,5702.45306277434,,3.08191085718142,61.5114223949332,16.539
Angola,2019,2493.67884440177,,2.07306438181603,66.6637823180533,16.497
Antigua and Barbuda,2012,15639.8078114787,,2.13043025907083,25.4555618588267,
Antigua and Barbuda,2019,18896.3721832248,,3.35725653382563,24.708337524045,
Arab World,2012,7384.10682814613,,,56.7609778940107,11.0650966632009
Arab World,2019,6674.34224402621,,3.42432999610901,58.8962879377102,10.2137182910936
Argentina,2012,12949.717486654,41.4,5.3458399772644,91.2041217246797,7.217
Argentina,2019,9955.97478680428,43.3,4.77165985107422,91.8567844513802,9.843
Armenia,2012,3511.56399687426,29.6,2.77248001098633,64.3268379506998,17.511
Armenia,2019,4597.22887399548,30.0,2.15984239839771,65.0047033570428,18.304
Aruba,2012,25119.6655449838,,6.3472900390625,63.8252085199599,
Aruba,2019,30645.8906024548,,4.43503686776957,62.288276286885,
Australia,2012,68301.4402512587,,,86.4451259136625,5.225
Australia,2019,55194.7585097428,,,87.3019647888406,5.143
Austria,2012,48250.4059142637,30.5,5.51612997055054,67.2085909812279,4.909
Austria,2019,49885.9947355204,30.2,5.23678016662598,68.3176044750522,4.56
Azerbaijan,2012,7495.86527658099,,2.06763005256653,53.8076442276208,5.19
Azerbaijan,2019,4805.75371765917,,3.1764600276947,58.1308191977779,5.0
"Bahamas, The",2012,28552.0242683151,,2.30391197238935,82.3947485339925,14.02
"Bahamas, The",2019,33640.3369861278,,2.62573176503127,81.8257463283204,9.336
Bahrain,2012,26438.6733230428,,2.54483008384705,100.0,1.2
Bahrain,2019,27259.7438599327,,2.11146982812491,100.0,1.217
Bangladesh,2012,859.680536375497,,2.17549991607666,28.4787972894576,4.07
Bangladesh,2019,2129.79896954606,,1.13094997406006,30.8228396343012,4.504
Barbados,2012,20804.1150004694,,4.58823013305664,59.2372151062924,11.59
Barbados,2019,21912.1501242857,,3.72228002548218,59.2841140645486,8.41
Belarus,2012,6953.21591683101,26.5,4.95964002609253,75.5281066894531,5.962
Belarus,2019,6837.77339645635,25.3,4.97948980331421,77.4550771852757,4.165
Belgium,2012,44874.1709182123,27.5,6.56625986099243,85.4915403816388,7.542
Belgium,2019,46716.6227467964,27.2,6.32381010055542,87.0961631189222,5.364
Belize,2012,5732.66519942347,,5.47351989539787,44.6903068035216,8.378
Belize,2019,6171.61449761423,,5.96377992630005,42.9077622153323,9.053
Benin,2012,1071.5258366283,,3.56202006340027,44.0475065829838,2.458
Benin,2019,1130.82135339795,,2.73204741460628,48.7125500590248,1.214
Bermuda,2012,100213.493385287,,2.38597137100485,100.0,
Bermuda,2019,115798.040775578,,1.92679827239971,100.0,
Bhutan,2012,2751.2128864294,38.8,,35.0188644248365,2.05
Bhutan,2019,3576.87987100503,,4.50982783818663,39.0746823405146,2.72
Bolivia,2012,2575.59857098084,46.6,6.62799978256226,67.2581444827699,2.066
Bolivia,2019,4203.15492855788,41.6,8.09103012084961,69.7334986708387,3.682
Bosnia and Herzegovina,2012,4693.78899115381,,,46.3655655972,28.01
Bosnia and Herzegovina,2019,6122.37541352353,,4.04449987411499,49.4650440037758,15.692
Botswana,2012,6595.53845015424,,8.1098729741114,64.3993247826904,17.916
Botswana,2019,7172.08956480028,,8.3989966033446,66.3271694845464,20.094
Brazil,2012,12521.7238454434,53.4,5.85510015487671,84.8973874181312,7.251
Brazil,2019,9029.83304401079,53.5,5.96346998214722,86.6797991084296,11.936
British Virgin Islands,2012,,,3.55560728835564,47.5352496456526,
British Virgin Islands,2019,,,2.500967871937,52.3907871425786,
Brunei Darussalam,2012,46968.5971164922,,2.88964009284973,75.2714233503027,6.571
Brunei Darussalam,2019,30426.5730656528,,,74.7923311783673,6.6
Bulgaria,2012,7431.95789508871,36.0,3.47650003433227,72.7684860229492,12.27
Bulgaria,2019,10353.7204584127,40.3,4.21430015563965,73.7162322998047,4.148
Burkina Faso,2012,731.470138867833,,3.60315990447998,24.8001912059054,3.849
Burkina Faso,2019,764.853077774946,,5.45615632520251,26.1187254401157,4.493
Burundi,2012,231.098787811507,,6.16776990890503,12.2244596804615,1.593
Burundi,2019,234.31061590725,,5.34668445378401,18.786178154187,1.043
Cabo Verde,2012,3736.81517011087,,5.39769575795208,63.7260454520996,11.145
Cabo Verde,2019,4380.78117331128,,4.16528987884521,71.6254285086577,12.123
Cambodia,2012,1192.80263041673,,1.23062002658844,23.9411047582349,0.505
Cambodia,2019,2225.87705485686,,2.13345387893978,39.5830241256026,0.119
Cameroon,2012,1449.09874362279,,2.60304999351502,51.5887119982861,3.836
Cameroon,2019,1555.22660476477,,3.0473994932468,53.9487914119331,3.632
Canada,2012,52670.3447335415,33.5,,81.1513483248791,7.392
Canada,2019,46352.8693445211,31.8,4.77293014526367,81.7363672047941,5.69
Caribbean small states,2012,14290.6349320103,,3.57398000577018,50.1446818440705,8.99563754734034
Caribbean small states,2019,13995.8548364074,,3.55386116245268,50.0613448862219,8.21142514691839
Cayman Islands,2012,75101.5906883232,,,100.0,
Cayman Islands,2019,88254.2902486867,,1.13670003414154,100.0,
Central African Republic,2012,544.395849142785,,1.98034724839473,39.0301696038517,5.58
Central African Republic,2019,449.228467602439,,1.76792074637361,41.7800430407332,5.916
Central Europe and the Baltics,2012,13104.066588243,,4.43195486068726,61.9739324654094,10.014837051229
Central Europe and the Baltics,2019,16534.9264870407,,4.26779985427856,61.7449526458334,3.76072643211224
Chad,2012,1354.34344701937,,1.52493000030518,22.1061904148178,0.886
Chad,2019,893.336441643325,,2.37245795383591,24.2731047386633,1.077
Channel Islands,2012,58809.5698945413,,,32.4414334604748,8.028
Channel Islands,2019,60564.6293993681,,,32.8235411026876,6.185
Chile,2012,15241.9069981119,,,87.0824943735696,6.79
Chile,2019,14495.716721687,,5.62629985809326,88.1273685623538,7.493
China,2012,6405.0574241349,42.2,,53.1003112792969,4.58
China,2019,10342.9009524335,38.2,,62.7099151611328,4.56
Colombia,2012,8108.59838244229,53.6,4.37038993835449,76.942211203265,9.959
Colombia,2019,6472.54544924705,52.5,4.51068019866943,77.4595528518377,10.28
Comoros,2012,1490.31511351281,,2.74783992767334,29.397950693899,4.091
Comoros,2019,1510.23218151592,,,31.7287584068243,3.926
"Congo, Dem. Rep.",2012,409.931424783784,42.1,,40.1770385579151,4.485
"Congo, Dem. Rep.",2019,504.00419142286,,,42.8747090907476,4.605
"Congo, Rep.",2012,3732.32737320389,,2.73923061622047,62.7187169094345,19.491
"Congo, Rep.",2019,2488.42466724916,,3.24716413970868,63.5176376123385,20.494
Costa Rica,2012,10126.9991024177,48.4,6.58239984512329,73.3895020668217,9.11
Costa Rica,2019,12884.6859951989,48.2,6.73809003829956,77.0435864735963,10.807
Cote d'Ivoire,2012,1546.9460184731,,3.43445992469788,48.1242507553354,7.223
Cote d'Ivoire,2019,2141.76836170115,,3.4130699634552,51.3514799771241,2.401
Croatia,2012,13507.7805260991,32.5,,55.3042888624873,16.046
Croatia,2019,15563.5987295029,28.9,3.94555997848511,56.303247958306,6.551
Cuba,2012,6470.83673392653,,11.5516604913797,76.7776920066844,3.46
Cuba,2019,9232.26115935183,,9.04700486137163,77.0728225708008,1.705
Curacao,2012,19809.8223170482,,5.38283590387706,91.2791300612311,
Curacao,2019,19220.6865793075,,5.81155632881729,91.3714918191305,
Cyprus,2012,28991.935546875,34.3,,67.3010289148738,12.097
Cyprus,2019,29227.173828125,31.2,5.16293001174927,66.7677357070518,7.155
Czechia,2012,20014.0354015165,26.1,4.19049978256226,73.2249239592898,6.979
Czechia,2019,24062.7190013343,25.3,4.46737003326416,72.7876426709563,2.015
Denmark,2012,58443.7747103968,27.8,7.24570989608765,87.2336196899414,7.798
Denmark,2019,59404.2663247723,27.7,7.27585983276367,88.2096490810669,5.018
Djibouti,2012,1400.19357858954,45.1,6.35127551762696,70.7266311335377,26.179
Djibouti,2019,2837.16902340932,,,71.7418146554518,26.257
Dominica,2012,7528.51001990155,,4.52896287885139,68.754609337094,
Dominica,2019,9491.14995962374,,4.88721990585327,71.4382284948964,
Dominican Republic,2012,6013.81965002603,46.1,,74.2398679969568,6.722
Dominican Republic,2019,8183.01623600375,41.9,4.04276873126053,73.5403464672933,6.356
Early-demographic dividend,2012,3359.13086538369,,4.20262503623962,43.0048413961797,6.70184146782176
Early-demographic dividend,2019,3483.31545469615,,3.48983027194334,45.7649596058874,6.30970549335686
East Asia & Pacific,2012,9507.12974075371,,3.50960993766785,54.6999640125725,4.0605301268473
East Asia & Pacific,2019,11622.8915284736,,3.08499832693462,61.7435560127223,3.82442011949597
East Asia & Pacific (IDA & IBRD countries),2012,5497.15517271917,,4.47245001792908,50.5489604205707,4.06044851591873
East Asia & Pacific (IDA & IBRD countries),2019,8379.36503263574,,2.5778339953863,58.6098141698239,3.91155753249547
East Asia & Pacific (excluding high income),2012,5434.82527120289,,4.47245001792908,50.6757055422017,4.05276045051969
East Asia & Pacific (excluding high income),2019,8286.3981179292,,2.5778339953863,58.6555692756585,3.90432643103478
Ecuador,2012,5634.08393191094,46.1,4.65310001373291,62.8408732819135,3.235
Ecuador,2019,6205.05765246766,45.7,4.24576997756958,63.0627139714638,3.812
"Egypt, Arab Rep.",2012,2996.0677072015,28.3,,42.8118514138525,12.597
"Egypt, Arab Rep.",2019,2962.98892023003,31.9,,42.4812027332648,7.851
El Salvador,2012,3497.91256915509,41.8,3.7124400138855,67.2232666950659,3.843
El Salvador,2019,4320.11671534627,38.8,3.38710999488831,72.4148941040039,4.17
Equatorial Guinea,2012,17308.5723924575,,,59.0106940671203,7.761
Equatorial Guinea,2019,6804.14923073888,,,70.1175419547293,7.917
Eritrea,2012,,,,35.6824264526367,5.692
Eritrea,2019,,,,35.2352333068848,5.812
Estonia,2012,17568.2137969714,32.9,4.67340993881226,67.9629593320316,10.021
Estonia,2019,24021.2501413306,30.8,5.16415023803711,69.5787397662154,4.514
Eswatini,2012,4224.54789174487,,5.59328219778155,22.6237715926065,25.226
Eswatini,2019,3913.14577547336,,5.69914824136892,24.3459549517751,28.222
Ethiopia,2012,452.101031885754,,5.56677007675171,18.2061367034912,2.252
Ethiopia,2019,793.473247210264,,4.48086946127054,21.2486705780029,2.928
Euro area,2012,37481.4502473034,,5.1546049118042,75.4687025194882,11.4157094775581
Euro area,2019,39220.5136743355,,4.78115510940551,76.8077280588719,7.50763908569826
Europe & Central Asia,2012,25164.7626116947,,4.80692505836487,71.1504937776611,9.07096034933149
Europe & Central Asia,2019,25020.8648271756,,4.60705995559693,73.3626712556912,6.62368420554511
Europe & Central Asia (IDA & IBRD countries),2012,10418.3484935481,,3.84736856575951,65.6154048918302,7.63560375277808
Europe & Central Asia (IDA & IBRD countries),2019,9058.74177112172,,3.99502992630005,68.6393881359924,6.70220366105967
Europe & Central Asia (excluding high income),2012,7093.45607745799,,3.95983358975396,62.2669531526226,8.60097981057875
Europe & Central Asia (excluding high income),2019,6069.27407282315,,4.04449987411499,67.7517086172661,9.11807057814077
European Union,2012,33324.7709896821,,4.83311986923218,73.3526656193263,10.8758482088061
European Union,2019,35374.1403676934,,4.62736988067627,74.4596491524844,6.67705052747452
Faroe Islands,2012,50261.9616267693,,,37.3244972229004,
Faroe Islands,2019,63068.2872688483,,,38.3945655822754,
Fiji,2012,4341.40338748749,,4.46150592221937,53.0383211294771,4.375
Fiji,2019,5842.07344577597,30.7,5.15273175975853,56.70989552257,4.661
Finland,2012,47551.6740841369,27.1,7.1715497970581,70.3661363168712,7.689
Finland,2019,48358.1807773701,27.7,6.45300006866455,72.7431214358314,6.695
Fragile and conflict affected situations,2012,2233.12675819557,,2.90706992149353,42.3328926527057,5.23732928583222
Fragile and conflict affected situations,2019,1861.6533045303,,3.02370475341356,44.653472474234,5.90080932795554
France,2012,40863.5814412333,33.1,,77.1669464919916,9.841
France,2019,40408.2848574751,31.2,5.36638021469116,78.6890784549356,8.415
French Polynesia,2012,20846.5457478364,,,61.5286539604592,12.134
French Polynesia,2019,21582.5892046801,,,61.7824142427508,11.591
Gabon,2012,9296.96587941088,,3.01340007781982,86.8838635787001,19.661
Gabon,2019,7441.1786472281,,2.87430983233369,89.9031850170394,20.371
"Gambia, The",2012,692.579361628102,,2.63756990432739,57.3207304207091,10.346
"Gambia, The",2019,738.186751987483,,2.80809703332656,61.643210849607,4.481
Georgia,2012,4530.69533409431,39.0,1.86033999919891,56.1683526759979,19.653
Georgia,2019,4741.2832715876,35.9,3.82985997200012,58.6304091780343,11.565
Germany,2012,44718.0159214069,30.9,4.83153009414673,80.393447520218,5.372
Germany,2019,47656.199739747,32.2,5.02757978439331,81.3053991689039,3.163
Ghana,2012,1543.77524235764,42.4,7.91913986206055,51.9197918381031,3.126
Ghana,2019,2186.65822682613,,3.15307114842573,55.7246279109161,3.067
Gibraltar,2012,,,,100.0,
Gibraltar,2019,,,,100.0,
Greece,2012,21624.346052551,36.3,,76.8679797449322,24.731
Greece,2019,19335.3602002969,33.1,3.55062007904053,78.1888100466875,17.045
Greenland,2012,45936.9562817724,,,84.8864593505859,
Greenland,2019,53309.2035905065,,,87.0217895507812,
Grenada,2012,7092.71985352677,,5.07225880686028,35.8652755773132,
Grenada,2019,10462.7929159533,,,36.1346465679904,
Guam,2012,31653.7506538168,,,94.0777276704115,12.2
Guam,2019,39274.9431424899,,,94.0799802498939,5.405
Guatemala,2012,3286.61959336267,,3.00524997711182,52.3523385176,2.765
Guatemala,2019,4511.99839552697,,3.19297003746033,54.1882267267974,2.193
Guinea,2012,699.353377212197,33.7,1.83369994163513,34.3313936933767,4.874
Guinea,2019,1031.34146480732,,1.85811996459961,36.1281547546387,5.018
Guinea-Bissau,2012,635.461653303881,,1.8863799571991,40.8686027526855,3.135
Guinea-Bissau,2019,811.216425885129,,,43.8745574951172,2.413
Guyana,2012,5444.39751913913,,2.24131989479065,26.3999996185303,12.029
Guyana,2019,6405.82443444562,,,26.4258834773058,13.172
Haiti,2012,1361.39396587374,41.1,,47.4314843495779,14.1
Haiti,2019,1352.17204191532,,1.08414978067408,52.0069059952475,14.095
Heavily indebted poor countries (HIPC),2012,881.192621901094,,3.04694497585296,32.5841925844927,4.55871731026607
Heavily indebted poor countries (HIPC),2019,983.900062178744,,3.24268818288225,35.6138460414847,4.32712993411352
High income,2012,38693.845536167,,4.78232002258301,79.0761338947917,7.72288058823355
High income,2019,41342.2066107349,,4.62744498252868,79.6868467579363,4.76095722276823
Honduras,2012,2126.03474686503,53.4,6.29972793577391,52.6641557109031,3.755
Honduras,2019,2502.32744328073,48.2,5.98198266311593,56.3791561389766,5.698
"Hong Kong SAR, China",2012,36730.796195815,,3.50960993766785,100.0,3.285
"Hong Kong SAR, China",2019,48359.0011950597,,3.81017994880676,100.0,2.917
Hungary,2012,12950.1594488143,30.8,4.15359020233154,69.5772326660156,11.003
Hungary,2019,17012.8598553199,,4.20140981674194,70.4565277099609,3.411
IBRD only,2012,5617.65268604461,,4.23196166059346,51.7855203403866,6.18009390756913
IBRD only,2019,6476.07259783679,,3.94555997848511,56.4284852445038,6.06655916125813
IDA & IBRD total,2012,4531.17008727409,,3.63716008451231,47.7241339152613,5.80093134299641
IDA & IBRD total,2019,5167.89523774326,,3.75902209369218,51.6640843924242,5.76721925998948
IDA blend,2012,1844.1586935183,,3.43445992469788,42.9159323176066,4.08486021677751
IDA blend,2019,2205.87361894796,,3.33011705158194,46.0543233703288,5.0804070213856
IDA only,2012,945.581958388053,,2.77231991291046,31.4552181135266,4.57369221767426
IDA only,2019,1186.40559680864,,3.15307114842573,34.362549702073,4.58565537355345
IDA total,2012,1263.41124156596,,2.90706992149353,35.5089070615958,4.39956625407497
IDA total,2019,1544.27890067061,,3.23821222605582,38.4668213219761,4.7623812532015
Iceland,2012,46594.9869146614,26.8,7.58223009109497,93.514892578125,6.0
Iceland,2019,69296.3144361601,26.8,7.60129976272583,93.9770847416131,3.507
India,2012,1429.32199520032,,3.8675000667572,31.5898935604399,7.645
India,2019,2041.42863698585,,3.89732003211975,33.8139578818147,6.51
Indonesia,2012,3632.27254030331,37.1,3.40748000144958,51.1593933105469,4.468
Indonesia,2019,4106.94856160358,35.4,0.964399077622927,55.7382049560547,3.59
"Iran, Islamic Rep.",2012,8114.08099831877,34.4,2.93899989128113,71.7633634041294,12.275
"Iran, Islamic Rep.",2019,3997.4935449585,36.5,3.24005007743835,75.2038879394531,10.74
Iraq,2012,6477.59618450955,29.5,,69.2222213745117,7.965
Iraq,2019,5671.8568632942,,,69.8683395385742,14.096
Ireland,2012,49335.8408099555,33.2,5.70776987075806,62.2529318511038,15.451
Ireland,2019,81827.6688873996,30.3,3.22984004020691,63.2737009154127,4.95
Isle of Man,2012,79329.2034347434,,,52.0555317322629,
Isle of Man,2019,87127.5517977404,,,52.1789898247578,
Israel,2012,33321.4300881602,41.3,5.56122016906738,91.7276502819515,6.762
Israel,2019,44250.6313628073,38.3,6.06899976730347,91.6154002002652,3.731
Italy,2012,34854.3949441965,35.2,4.03481006622315,68.7608794235259,10.655
Italy,2019,33812.788724868,34.6,4.07843017578125,69.5050010681153,9.884
Jamaica,2012,5340.83333232158,,6.1124701499939,54.2478817703732,8.695
Jamaica,2019,6030.68896415921,,5.16364002227783,56.6957957395074,4.987
Japan,2012,49145.2804308193,32.5,3.41945004463196,91.0265277326652,4.358
Japan,2019,40415.9567649547,33.0,3.15533995628357,91.7164207898107,2.351
Jordan,2012,4169.50470054618,,3.63716008451231,84.9592629639423,12.2
Jordan,2019,4170.1144003465,,2.98846006393433,91.515966492507,16.801
Kazakhstan,2012,12018.7966527993,28.2,3.90163701288194,54.69208192838,5.29
Kazakhstan,2019,9457.12614657136,28.0,2.8569700717926,59.0832474269546,4.8
Kenya,2012,1285.00536171512,,4.93122005462646,31.8558130142761,2.678
Kenya,2019,1960.40808854893,,5.37359210998097,31.1895566421135,5.014
Kiribati,2012,1843.55336349889,,12.499488,49.5800786695548,
Kiribati,2019,1750.9977188915,27.8,14.5197413461539,56.2846727145489,
"Korea, Dem. People's Rep.",2012,,,,60.6781140779735,3.542
"Korea, Dem. People's Rep.",2019,,,,62.3542226611578,3.439
"Korea, Rep.",2012,26600.5477433903,31.6,,81.9087898200378,2.812
"Korea, Rep.",2019,33826.9443301597,33.2,4.41813993453979,81.2901063535619,3.746
Kosovo,2012,3410.65550749316,29.0,,38.2296959226488,
Kosovo,2019,4415.99923011071,40.2,,44.0002171565695,
Kuwait,2012,52155.2225833921,,,100.0,2.227
Kuwait,2019,31707.8737443551,,6.72789551402991,100.0,2.213
Kyrgyz Republic,2012,1168.62244675446,27.4,7.38423013687134,35.218916221918,3.786
Kyrgyz Republic,2019,1421.99927504102,29.7,5.0802698135376,34.8805205758044,5.45
Lao PDR,2012,1563.5650771337,36.0,1.82147002220154,31.7422801040872,1.208
Lao PDR,2019,2589.32081035237,,2.12201393748998,35.9072880879451,2.531
Late-demographic dividend,2012,8073.2094428812,,4.38928008079529,57.8070692828074,5.02938218164513
Late-demographic dividend,2019,10120.3125161359,,4.26779985427856,64.6307387465605,5.19591640696366
Latin America & Caribbean,2012,10330.3504679629,,4.76829504966736,78.7697906096959,6.42118292240463
Latin America & Caribbean,2019,8539.39776066424,,4.51068019866943,80.2273019080141,8.00061467672947
Latin America & Caribbean (excluding high income),2012,9823.2489447351,,4.88349008560181,78.0274964256144,6.34500302860845
Latin America & Caribbean (excluding high income),2019,8282.78290882792,,4.51068019866943,79.6346434391868,8.09033318956351
Latin America & the Caribbean (IDA & IBRD countries),2012,10263.4820243547,,4.65310001373291,78.7047750052812,6.43477941830029
Latin America & the Caribbean (IDA & IBRD countries),2019,8362.63429845968,,4.51068019866943,80.2043693016899,8.10633851896146
Latvia,2012,13329.3499931271,35.2,6.83852005004883,67.8331638942219,15.047
Latvia,2019,17294.9751600969,34.5,4.58675003051758,68.066323694246,6.312
Least developed countries: UN classification,2012,947.489031265643,,2.63756990432739,30.7716900531857,4.84447014073901
Least developed countries: UN classification,2019,1105.24693378698,,2.90405352345344,33.9602697628177,4.87319739899668
Lebanon,2012,8406.98405608118,,2.14902997016907,88.0195066808075,7.952
Lebanon,2019,8905.88005497437,,2.51957250612723,89.4986743521503,11.301
Lesotho,2012,1217.93071228944,,,29.8970340055453,15.761
Lesotho,2019,1082.05706777516,,,38.6040920446259,16.876
Liberia,2012,638.368751462083,,1.77711999416351,49.1773247639526,2.146
Liberia,2019,658.164180770507,,2.16508193926132,52.85526226447,3.071
Libya,2012,14975.8902795144,,,88.0727920532227,19.03
Libya,2019,9963.19489084483,,,87.8220115209342,19.087
Liechtenstein,2012,148842.035144342,,,14.4124545370445,
Liechtenstein,2019,166907.839305016,,,14.6070830005951,
Lithuania,2012,14288.1853493139,35.1,4.78232002258301,66.8536758422852,13.365
Lithuania,2019,19608.7943945553,35.3,3.9415500164032,67.245735168457,6.255
Low & middle income,2012,4133.76162366082,,3.63716008451231,47.1624760462192,5.79670311681129
Low & middle income,2019,4943.24879858439,,3.5652113035233,51.3919045639979,5.84822511373103
Low income,2012,773.887672422173,,2.56641087807744,32.6854591692447,5.71453832728629
Low income,2019,645.998249720369,,3.01338389897728,35.2627989918991,5.63457466701478
Lower middle income,2012,1701.13738449151,,3.78125124759312,36.6627181194957,6.08020530585294
Lower middle income,2019,2228.84805859217,,3.40748649142134,39.5561176956246,5.61087685860008
Luxembourg,2012,112584.676270958,34.3,3.87815999984741,89.4405768017292,5.03
Luxembourg,2019,112696.649059674,34.2,3.73705005645752,93.2589839734767,5.592
"Macao SAR, China",2012,76058.0224963659,,3.32516002655029,100.0,1.97
"Macao SAR, China",2019,81882.6964523869,,3.0654399394989,100.0,1.73
Madagascar,2012,493.511162904211,42.6,2.34067010879517,28.3988032871081,0.599
Madagascar,2019,499.818837622534,,3.01338389897728,30.3046972370204,2.479
Malawi,2012,558.46208832772,,2.52861185625253,15.6253133040464,4.949
Malawi,2019,580.889139762475,38.5,,16.1383746619001,4.964
Malaysia,2012,10600.5744240026,,5.73902988433838,71.9680127926087,3.04
Malaysia,2019,10920.191763972,,4.15775012969971,74.8377707734042,3.33
Maldives,2012,7461.29703686309,,3.34085988998413,37.475963433544,9.134
Maldives,2019,11740.2724029785,29.3,4.12356944795488,40.0492764783282,4.562
Mali,2012,872.506092465564,,2.90706992149353,24.1606168848588,1.462
Mali,2019,971.949318638092,,3.00001001358032,28.3520715749509,3.29
Malta,2012,22878.3130866521,29.4,6.24788999557495,94.3626256493653,6.203
Malta,2019,32421.9179752262,31.0,4.79941987991333,94.9332032524644,4.08
Marshall Islands,2012,3514.26515490383,,,74.2705132518924,
Marshall Islands,2019,5292.33985502306,35.5,9.88208961486816,76.9422712042154,
Mauritania,2012,1859.11733247641,,2.15821003913879,48.2732447351525,9.864
Mauritania,2019,1767.072710621,32.0,1.82317996025085,56.0596215779146,10.416
Mauritius,2012,9421.52514098225,38.5,3.41820001602173,40.0369511615085,7.472
Mauritius,2019,11568.2533399824,,4.54195022583008,39.2509492806955,6.331
Mexico,2012,10744.1335242686,49.6,4.88349008560181,76.6585199140734,4.892
Mexico,2019,10369.5553585271,,,78.355984332992,3.477
"Micronesia, Fed. Sts.",2012,2992.28916099077,,11.7192291367391,22.2942568788425,
"Micronesia, Fed. Sts.",2019,3572.65918282222,,10.6931682741117,22.359245777081,
"Middle East, North Africa, Afghanistan & Pakistan",2012,6048.09249990772,,3.57230008734587,52.3441905145837,8.34766826613965
"Middle East, North Africa, Afghanistan & Pakistan",2019,5412.42875673528,,3.86019992828369,54.4404080887212,8.33082967841649
"Middle East, North Africa, Afghanistan & Pakistan (IDA & IBRD)",2012,3414.87165876956,,,49.2354754411305,8.83376247941241
"Middle East, North Africa, Afghanistan & Pakistan (IDA & IBRD)",2019,2688.96932958269,,,51.2234331146053,8.96317446023269
"Middle East, North Africa, Afghanistan & Pakistan (excluding high income)",2012,3412.57302470262,,,49.4690950778976,8.88951819638217
"Middle East, North Africa, Afghanistan & Pakistan (excluding high income)",2019,2695.63342343005,,,51.461592912125,9.06488013658605
Middle income,2012,4424.22119652773,,4.01803016662598,48.4121281061957,5.80237450251584
Middle income,2019,5353.79775844374,,3.82985997200012,52.93440338769,5.86438207211019
Moldova,2012,3044.8084324815,29.2,6.9834098815918,39.3614196777344,2.189
Moldova,2019,4405.33418162155,26.0,6.22578001022339,40.772289276123,1.502
Monaco,2012,165444.651378771,,1.78004002571106,100.0,
Monaco,2019,193746.785647412,,1.15896999835968,100.0,
Mongolia,2012,4328.89001905655,33.8,5.19521999359131,67.9522782537785,3.905
Mongolia,2019,4347.54610314873,,,67.8277299551557,9.024
Montenegro,2012,6552.48071710904,41.2,,64.5244008658951,19.808
Montenegro,2019,8749.02375172644,35.7,,65.1686759904159,15.128
Morocco,2012,3164.17724609375,,5.55294838577208,59.4348555979895,8.99
Morocco,2019,3508.09765625,,5.0032567210502,61.8430450233765,9.191
Mozambique,2012,685.685748199513,,5.5575098991394,31.4315251735105,3.304
Mozambique,2019,519.09255091362,50.7,5.99969523584354,33.4177241517032,4.462
Myanmar,2012,1202.6658960055,,,29.3956289363345,0.768
Myanmar,2019,1425.98954241668,,1.99976003170013,30.0782436945232,0.407
Namibia,2012,5942.64680978673,,9.24281237985165,43.3804079185694,16.771
Namibia,2019,4731.9210318831,,9.32253195522987,48.0019807724839,19.929
Nauru,2012,9842.77032731856,32.4,,100.0,
Nauru,2019,10801.7705659635,,5.71828171428571,100.0,
Nepal,2012,788.202937148377,,3.29737997055054,63.6558406194333,10.632
Nepal,2019,1203.14294706401,,3.89212886881753,65.9873929484157,10.477
Netherlands,2012,50473.9442002689,27.6,5.36694002151489,88.5342462391333,5.821
Netherlands,2019,53554.9007491475,29.2,5.0559401512146,93.8898028856479,3.379
New Caledonia,2012,35559.5672006157,,,66.7417059914448,14.116
New Caledonia,2019,33411.3358835672,,,67.1574673707832,10.88
New Zealand,2012,40053.6991536369,,,85.777700676896,6.931
New Zealand,2019,42855.831861632,,5.1741099357605,83.804965871667,4.109
Nicaragua,2012,1784.69836017555,,,57.2316842226606,5.208
Nicaragua,2019,1958.62051528095,,4.59991969121332,58.5405671448072,5.457
Niger,2012,528.510104469655,,3.1868200302124,16.2141284004355,2.177
Niger,2019,561.691304349698,,3.53358621816013,16.813146499685,0.531
Nigeria,2012,2633.19734671361,35.5,0.549233086121929,53.302114902293,3.761
Nigeria,2019,3189.81286498516,,0.358479005206684,58.9611186427056,5.206
North America,2012,51812.8921210048,,,80.7337652170105,7.99588953313322
North America,2019,62874.6117089583,,4.86520004272461,80.2981427760977,3.890566885067
North Macedonia,2012,5049.8265386157,38.1,,58.3924217811729,31.096
North Macedonia,2019,6718.85826635458,33.5,,60.6286848102132,17.414
Northern Mariana Islands,2012,14013.6003306158,,,91.1011927559234,
Northern Mariana Islands,2019,24496.6652122421,,,91.6162852134162,
Norway,2012,102175.919298374,25.7,7.32766008377075,79.4905925441617,3.129
Norway,2019,76430.5889473338,27.7,7.86455011367798,82.4935894878281,3.684
Not classified,2012,,,,,
Not classified,2019,,,,,
OECD members,2012,37353.4975162109,,4.89862012863159,79.1610424174922,8.1052243905592
OECD members,2019,39708.8864576635,,4.94613003730774,80.6506807759512,5.38694799203713
Oman,2012,24642.2978768596,,,76.088156621068,3.753
Oman,2019,19180.1864152801,,5.06363010406494,79.5780017545962,2.045
Other small states,2012,11084.1020617547,,5.13334606829691,52.7289447956897,10.5345766634014
Other small states,2019,12907.6162560274,,5.16293001174927,53.8727328667505,8.37803693303246
Pacific island small states,2012,3493.08705679511,,,37.5021404218298,3.54707816512722
Pacific island small states,2019,4136.34140894161,,,39.2708800377762,3.32798136589447
Pakistan,2012,1204.36475491585,,1.97880005836487,35.2160229383731,3.667
Pakistan,2019,1390.41690981745,,2.21492004394531,37.1091631735769,4.83
Palau,2012,12137.1732239921,,,81.1285663568435,
Palau,2019,15846.7968470167,,,79.2803814152827,
Panama,2012,11064.8063662003,51.7,,65.2829468288151,3.691
Panama,2019,16477.9066268111,49.8,3.28122011579173,65.752985396379,6.256
Papua New Guinea,2012,2635.0873631547,,,13.0143796071362,2.634
Papua New Guinea,2019,2575.77274140393,,0.761761143914634,13.9278267446947,2.651
Paraguay,2012,5642.16991672846,47.6,3.66877007484436,59.9212909454702,4.085
Paraguay,2019,5821.18199548738,45.7,3.48983027194334,64.9845298299929,6.595
Peru,2012,6519.37852981527,44.4,2.92276000976562,78.6488061451268,3.238
Peru,2019,7037.00803692604,41.5,3.822429895401,83.1033003087105,3.379
Philippines,2012,2614.61644401308,46.5,,47.9182784810426,3.504
Philippines,2019,3400.78949767074,,3.40748649142134,53.7157859948017,2.237
Poland,2012,13087.420943321,33.0,4.83311986923218,60.6341632788866,10.031
Poland,2019,15874.5220531254,28.8,4.62736988067627,59.9626184068963,3.267
Portugal,2012,20593.4274224109,36.0,4.94226980209351,61.1409793914666,15.509
Portugal,2019,23343.3628970034,32.8,4.6275200843811,61.114927250613,6.422
Post-demographic dividend,2012,42374.8223653419,,4.94226980209351,80.0815323364536,8.11703125262048
Post-demographic dividend,2019,45840.3536114764,,4.94613003730774,80.7013034408387,4.93863446884342
Pre-demographic dividend,2012,1686.96007926334,,2.68840026027393,39.6613429042211,5.06267357362057
Pre-demographic dividend,2019,1681.19065754666,,3.0473994932468,43.0464125369595,5.38697693157414
Puerto Rico (US),2012,27742.024476618,,,93.7630744424317,14.5
Puerto Rico (US),2019,31830.5284993358,,3.32791002069889,93.9519912222253,8.3
Qatar,2012,108470.387023229,,3.50744009017944,98.7428010471968,0.48
Qatar,2019,66841.3623185691,,2.80378007888794,99.1191696672067,0.1
Romania,2012,8929.95366231474,36.5,2.8234601020813,53.9563092496073,6.794
Romania,2019,12909.6104013244,34.8,3.55761003494263,52.8931835224862,3.912
Russian Federation,2012,15401.8515625,40.7,3.79310011863708,73.97265625,5.484
Russian Federation,2019,11447.701171875,35.7,3.69561429198336,74.6222859951926,4.513
Rwanda,2012,706.817269168561,,4.42103004455566,16.9410248882148,11.671
Rwanda,2019,810.051412137354,,3.23821222605582,22.9711026997362,11.236
Samoa,2012,3934.60320799981,,4.89170722777607,19.478718368689,8.752
Samoa,2019,4351.94234943706,,4.58404753905646,18.4147344481283,7.858
San Marino,2012,47945.8991734281,,,97.0999984741211,
San Marino,2019,46630.1443120725,,3.37969994544983,97.0999984741211,
Sao Tome and Principe,2012,1192.0202911189,,6.92846012115479,67.0335889448132,13.59
Sao Tome and Principe,2019,1935.2931816596,,6.10573891896978,67.9129943847656,8.835
Saudi Arabia,2012,28733.4375513452,,,82.4311918025358,5.622
Saudi Arabia,2019,29566.7933827436,,,83.6394643268678,5.636
Senegal,2012,1326.83798848379,,4.77698993682861,44.5359772452989,3.896
Senegal,2019,1431.18128932159,,5.03525018692017,49.9443321273477,2.863
Serbia,2012,6263.04086072815,39.9,,59.3468437194824,24.0
Serbia,2019,7755.632986437,34.5,3.45865988731384,61.0492248535156,10.395
Seychelles,2012,12337.1554669388,,2.54216003417969,42.7261758463169,
Seychelles,2019,19141.5118743615,,3.5588555711461,44.0049304031754,
Sierra Leone,2012,937.504428180231,,1.77787005901337,39.4644094876975,4.378
Sierra Leone,2019,843.712517809977,,4.65177011489868,42.7018444914441,3.204
Singapore,2012,55547.5553077786,,3.07084989547729,100.0,3.72
Singapore,2019,65952.0378959293,,2.72783994674683,100.0,3.1
Sint Maarten (Dutch part),2012,28149.0997855041,,4.61834872782909,100.0,
Sint Maarten (Dutch part),2019,34861.469528968,,,100.0,
Slovak Republic,2012,17516.9691054078,26.1,3.85490989685059,54.2764528316182,13.966
Slovak Republic,2019,19406.0589683582,23.2,4.26779985427856,53.3666558664583,5.761
Slovenia,2012,22442.1417859955,25.6,5.6702299118042,49.7619476318359,8.841
Slovenia,2019,25814.1687167572,24.4,4.93479013442993,55.4523277282715,4.446
Small states,2012,10844.5207585756,,4.67340993881226,50.1216411856976,9.31406963085983
Small states,2019,11990.4670996465,,4.85244011878967,51.0510007537325,7.75168865751208
Solomon Islands,2012,2066.25738638356,37.1,,21.3906964219987,0.984
Solomon Islands,2019,2223.65890942466,,,27.275106750276,0.746
"Somalia, Fed. Rep.",2012,350.261946720512,,,40.2722730087349,18.771
"Somalia, Fed. Rep.",2019,539.954816211694,,5.73281247182e-06,51.6421170703225,18.828
South Africa,2012,8076.97678479741,,5.52322006225586,62.9616560303263,24.727
South Africa,2019,6533.71121032856,,5.91159009933472,63.4127255007908,28.468
South Asia,2012,1387.18205956625,,2.7364399433136,31.6728581018008,7.23720359721905
South Asia,2019,2067.05975687637,,3.89212886881753,33.8860664509609,6.30644937347767
South Asia (IDA & IBRD),2012,1387.18205956625,,2.7364399433136,31.6728581018008,7.23720359721905
South Asia (IDA & IBRD),2019,2067.05975687637,,3.89212886881753,33.886066450961,6.30644937347767
South Sudan,2012,1109.26050083408,,1.57674938085481,18.0321885447664,12.803
South Sudan,2019,,,,19.9062299188719,12.656
Spain,2012,28456.4438151477,35.4,4.46012020111084,78.8455680301618,24.789
Spain,2019,29786.5245689007,34.3,4.20255994796753,79.6349761108307,14.104
Sri Lanka,2012,3327.77613691283,38.7,1.45343005657196,18.2617686748284,3.88
Sri Lanka,2019,4081.94772722003,37.7,,19.4946326418437,4.67
St. Kitts and Nevis,2012,17532.0559008608,,2.49200145387318,31.2035138804223,
St. Kitts and Nevis,2019,23595.4923231291,,2.72889566429639,31.4121818392285,
St. Lucia,2012,9260.30006551714,,3.29098010063171,18.6193081275177,19.06
St. Lucia,2019,11794.0597229805,,3.27267003059387,24.2476974658382,15.613
St. Martin (French part),2012,,,,100.0,
St. Martin (French part),2019,19033.0649634889,,,100.0,
St. Vincent and the Grenadines,2012,6713.80768643865,,,46.3063114823836,19.833
St. Vincent and the Grenadines,2019,8740.59425232061,,,47.1962073993512,19.248
Sub-Saharan Africa,2012,1817.30125816633,,3.28166997432708,38.4195200060049,5.80072495990126
Sub-Saharan Africa,2019,1795.5612786554,,3.24716413970868,41.7069096868529,6.17859261789174
Sub-Saharan Africa (IDA & IBRD countries),2012,1817.30125816633,,3.28166997432708,38.4195200060048,5.80072495990126
Sub-Saharan Africa (IDA & IBRD countries),2019,1795.5612786554,,3.24716413970868,41.7069096868529,6.17859261789174
Sub-Saharan Africa (excluding high income),2012,1970.23745756606,,3.1868200302124,40.6996697197697,6.25627093750895
Sub-Saharan Africa (excluding high income),2019,1907.22499436387,,3.24268818288225,44.0201520559233,6.57180226215195
Sudan,2012,1019.22210693359,,,33.1425561614901,16.973
Sudan,2019,709.975280761719,,,34.4727685824236,11.697
Suriname,2012,8851.24050668908,,,66.3132562693376,8.1
Suriname,2019,6629.66775248603,,6.77857289012664,66.0370492311305,7.755
Sweden,2012,57749.5615420853,27.6,7.57456016540527,85.6250668883122,7.976
Sweden,2019,51648.9892820514,29.3,7.66307020187378,87.7088420242759,6.833
Switzerland,2012,85836.2076767359,31.6,4.89862012863159,73.7522629583622,4.491
Switzerland,2019,84121.9310304414,34.0,5.01438999176025,80.7792907322229,4.394
Syrian Arab Republic,2012,1897.66115018696,,,65.0896662830335,13.8
Syrian Arab Republic,2019,1109.53926036049,,,73.8248788261986,13.369
Tajikistan,2012,952.452819695469,,4.01803016662598,26.4102249145508,7.022
Tajikistan,2019,871.022372934846,,5.48427628435415,26.1300735473633,7.026
Tanzania,2012,861.969909667969,,4.22964300342458,29.4878764597911,3.223
Tanzania,2019,1063.32250976563,,3.59683638888648,33.3475258518752,1.735
Thailand,2012,5725.52802835463,39.3,4.53672981262207,45.373565813715,0.58
Thailand,2019,7605.69657797759,34.9,3.02221411183282,55.9266166687012,0.716
Timor-Leste,2012,1022.61906675901,,7.16214990615845,29.6136082349605,3.47
Timor-Leste,2019,1562.36458068032,,4.17968913742937,29.1148755245217,3.148
Togo,2012,762.39162379069,,3.37651991844177,38.4194359598204,2.029
Togo,2019,826.255209019798,,4.20164196626882,41.445731197295,2.036
Tonga,2012,4384.17058724217,,,23.4589062635692,1.638
Tonga,2019,4788.83342304684,,4.86170396202671,22.3288155626206,2.165
Trinidad and Tobago,2012,20332.1389531925,,3.57398000577018,53.9254053431618,3.718
Trinidad and Tobago,2019,17212.6128892163,,3.55386116245268,53.9342394732739,3.523
Tunisia,2012,4297.26782454273,,5.95086002349854,67.2098922729492,17.63
Tunisia,2019,3528.87213306798,,6.17373240410185,68.8206382576031,17.153
Turkiye,2012,11776.7593362033,40.2,4.38721990585327,73.7788680234324,9.21
Turkiye,2019,9395.23378001368,43.8,4.44776010513306,88.6618152857124,13.73
Turkmenistan,2012,6053.8748468749,,3.04924988746643,46.9603023107661,3.994
Turkmenistan,2019,5998.0017434754,,3.12054991722107,47.0494562466485,4.035
Turks and Caicos Islands,2012,25923.6156503875,,2.69749326490282,91.0352667584286,
Turks and Caicos Islands,2019,31780.5217068989,,2.12170004844665,92.9404854322845,
Tuvalu,2012,3598.46163091053,,,56.8964903305448,
Tuvalu,2019,5115.13075950206,,,61.2406529218636,
Uganda,2012,795.222867553127,41.0,1.79746997356415,21.372369321253,3.551
Uganda,2019,822.171150036357,42.7,2.30828081242322,27.8369781799403,3.057
Ukraine,2012,3951.34228515625,24.7,6.44267988204956,68.8241983107739,7.529
Ukraine,2019,3619.86157226563,26.6,5.44129991531372,69.3527648708735,8.194
United Arab Emirates,2012,53141.6124340099,,,83.7643244751488,2.323
United Arab Emirates,2019,45938.6073581994,,3.86019992828369,85.0298263388195,2.331
United Kingdom,2012,42688.3263728372,33.1,,81.2905667759508,8.279
United Kingdom,2019,43158.7411267323,32.8,5.26116991043091,82.6699420738913,3.657
United States,2012,51708.4011556577,41.2,,80.6837493386238,8.069
United States,2019,64746.4506778863,41.9,4.95746994018555,80.1304793353594,3.669
Upper middle income,2012,7166.76033698733,,4.38721990585327,60.2454828576737,5.59323336401879
Upper middle income,2019,8657.73234539015,,4.04363430268776,67.078944918763,6.07139046762074
Uruguay,2012,16259.5940814256,39.9,4.09353338283242,94.7606597546186,6.451
Uruguay,2019,18315.7316980028,39.7,4.62834978103638,95.3479309082031,8.836
Uzbekistan,2012,2307.34649117185,,,51.3359680175781,4.87
Uzbekistan,2019,2041.38480729431,,6.29534678547216,50.5920104980469,4.936
Vanuatu,2012,3004.78416664293,,,24.8183551383933,4.936
Vanuatu,2019,3207.44650452083,32.3,1.77407002449036,23.5024668917075,5.444
"Venezuela, RB",2012,12607.2361246243,,,88.8401868543141,6.601
"Venezuela, RB",2019,2523.11275230667,,,89.1030100517924,5.89
Viet Nam,2012,2185.11767654291,35.6,4.40817022323608,31.1222779403029,1.027
Viet Nam,2019,3440.90025375434,,3.08499832693462,34.6239134999511,1.681
Virgin Islands (U.S.),2012,37795.3192590675,,,94.7353591077883,11.387
Virgin Islands (U.S.),2019,38633.5298915336,,,95.0857481413049,11.774
West Bank and Gaza,2012,3067.43872735614,,4.74210977554321,84.5465135943222,19.202
West Bank and Gaza,2019,3656.85827137011,,,85.8136174183656,25.34
World,2012,10583.9966715989,,4.03481006622315,52.9169643228086,6.15180927283385
World,2019,11376.0818134476,,4.15775012969971,56.1393998135593,5.58822341975783
"Yemen, Rep.",2012,1245.05068272078,,,31.2031839858628,13.473
"Yemen, Rep.",2019,,,,34.9067561732024,17.213
Zambia,2012,1710.05061343728,,3.69500242842903,40.7698556821596,7.85
Zambia,2019,1258.98619844462,,4.4182401844799,43.4897864547552,5.538
Zimbabwe,2012,1239.22709745709,,6.07021391405834,32.7931752128328,5.057
Zimbabwe,2019,2184.32923855469,50.3,,36.1837638266364,7.373
